{"type":2,"rcvTime":1538.0,"pos":[793.8793694748971,753.7100406684376,0.0],"pos_noise":[3.2459575464622274,3.0219151676702515,0.0],"spd":[-2.0340323462389304,-0.5103469745359107,0.0],"spd_noise":[-0.003041070326200886,-0.0007631248442797839,0.0],"acl":[-2.1851681477901785,-0.5483029813775231,0.0],"acl_noise":[0.004536093855484394,0.002258148373563292,0.0],"hed":[-0.9710330778717083,-0.2389451018100115,0.0],"hed_noise":[14.830986002850127,12.734949001280646,0.0]}
{"type":2,"rcvTime":1539.0,"pos":[791.3282595035963,753.3486717297394,0.0],"pos_noise":[3.3110556549843994,3.1777733980423168,0.0],"spd":[-3.836551025843535,-0.680080552204759,0.0],"spd_noise":[-0.00573587816418281,-0.0010168805366041819,0.0],"acl":[-1.5647143685670258,-0.27730593179399806,0.0],"acl_noise":[0.0026948078379819245,0.00025375569232439794,0.0],"hed":[-0.9854358953114557,-0.17004733526788866,0.0],"hed_noise":[17.76038666390503,12.952948706627034,0.0]}
{"type":2,"rcvTime":1540.0,"pos":[786.7752139820765,754.1348477326873,0.0],"pos_noise":[3.289971454483895,3.253930768411895,0.0],"spd":[-5.608915356666375,0.9714596672253892,0.0],"spd_noise":[-0.008385604541225776,0.0014522109510019376,0.0],"acl":[-2.2734121345134814,0.39388012844578298,0.0],"acl_noise":[0.0026497263770429654,0.002469091487606119,0.0],"hed":[-0.9830102425907702,0.1835507095100295,0.0],"hed_noise":[21.204362568175868,10.981032207548982,0.0]}
{"type":2,"rcvTime":1541.0,"pos":[780.586299935441,756.9688237369024,0.0],"pos_noise":[3.2157275249226244,3.372236438710314,0.0],"spd":[-6.912656970485737,3.816227464396639,0.0],"spd_noise":[-0.010335122013712679,0.005704812659400065,0.0],"acl":[-1.9357184734653435,1.068693421591878,0.0],"acl_noise":[0.0019495174724869034,0.0042526017083981278,0.0],"hed":[-0.8690668221558539,0.4946947125530306,0.0],"hed_noise":[24.157802099346676,8.262431814439195,0.0]}
{"type":2,"rcvTime":1542.0,"pos":[774.7446504921747,763.7944373863959,0.0],"pos_noise":[3.16990110766971,3.230563986367462,0.0],"spd":[-5.758348976337047,8.048943847900376,0.0],"spd_noise":[-0.00860910348295797,0.012033124164984316,0.0],"acl":[-0.8499425615593957,1.1882034391367469,0.0],"acl_noise":[0.0017260185307547086,0.00632831150558425,0.0],"hed":[-0.5711459420748484,0.8208485322222572,0.0],"hed_noise":[21.52373906832078,5.410963571347735,0.0]}
{"type":2,"rcvTime":1543.0,"pos":[773.3049943452697,773.0647389552083,0.0],"pos_noise":[3.1960172503006838,2.9700271312632835,0.0],"spd":[-0.16321050874735205,12.018474119071172,0.0],"spd_noise":[-0.00024423982431210684,0.0179676653205878,0.0],"acl":[-0.02412043974974232,1.8034804358883692,0.0],"acl_noise":[0.008364863658645864,0.005934541155603485,0.0],"hed":[-0.00047341329889262647,0.9999998879399179,0.0],"hed_noise":[12.300533334539578,3.6381458106594595,0.0]}
{"type":2,"rcvTime":1544.0,"pos":[777.7652846726584,784.2754416964393,0.0],"pos_noise":[3.193466072505036,3.070643850514407,0.0],"spd":[7.932921246373456,11.377509515466999,0.0],"spd_noise":[0.01185972384495778,0.01700946435594658,0.0],"acl":[1.0379954347235028,1.488535533524397,0.0],"acl_noise":[0.012103963669269887,0.0009582009646412204,0.0],"hed":[0.5826552824110257,0.8127193992261584,0.0],"hed_noise":[5.474088004868644,3.878959162130509,0.0]}
{"type":2,"rcvTime":1545.0,"pos":[788.9068680744116,792.5169846337365,0.0],"pos_noise":[3.2164448361651716,3.1107819502382938,0.0],"spd":[13.76092525734475,3.349144658602502,0.0],"spd_noise":[0.020572092147190206,0.005006235170333016,0.0],"acl":[1.141009933574015,0.2780125110800356,0.0],"acl_noise":[0.008712368302232425,0.012003229185613564,0.0],"hed":[0.9746618963914386,0.22368323075868808,0.0],"hed_noise":[3.056491680812318,8.65767151768907,0.0]}
{"type":2,"rcvTime":1546.0,"pos":[803.2353189781856,788.6052853340154,0.0],"pos_noise":[2.9997679107754116,3.0557397570194264,0.0],"spd":[12.343795334691779,-6.807308963940018,0.0],"spd_noise":[0.018451829807005956,-0.010179521731211115,0.0],"acl":[-0.3050547204204744,0.16903165961184345,0.0],"acl_noise":[0.00212026234018425,0.015185756901544131,0.0],"hed":[0.8691814040100823,-0.494493363881723,0.0],"hed_noise":[3.522211588518123,23.9076744568047,0.0]}
{"type":2,"rcvTime":1547.0,"pos":[811.7129571295943,776.19617414331,0.0],"pos_noise":[3.205885968317048,3.0844775426878554,0.0],"spd":[4.598393279431928,-13.389475708975012,0.0],"spd_noise":[0.006872222508981426,-0.02002006487035608,0.0],"acl":[0.11600253128453339,-0.33500387215714708,0.0],"acl_noise":[0.011579607298024528,0.009840543139144965,0.0],"hed":[0.3122350324818737,-0.9500048865616657,0.0],"hed_noise":[7.641795329531012,46.174119871520897,0.0]}
{"type":2,"rcvTime":1548.0,"pos":[812.0318970038112,761.941573052585,0.0],"pos_noise":[3.303637658354022,3.1419398065584756,0.0],"spd":[2.9024946996030627,-13.756314235340387,0.0],"spd_noise":[0.004336624358259016,-0.020568686969319778,0.0],"acl":[-0.13801286890857288,0.6587430911321449,0.0],"acl_noise":[0.0025355981507224104,0.000548622098963697,0.0],"hed":[0.18494471021105958,-0.9827489273283117,0.0],"hed_noise":[9.054257820780178,47.90002460066923,0.0]}
{"type":2,"rcvTime":1549.0,"pos":[823.4040912673169,754.041524260189,0.0],"pos_noise":[3.2511544380519239,3.14124285231206,0.0],"spd":[11.859288315816136,-7.522006328072253,0.0],"spd_noise":[0.017725425430082568,-0.011250066090507,0.0],"acl":[-0.8587007609221654,0.5464680435469166,0.0],"acl_noise":[0.01338880107182355,0.009318620878812776,0.0],"hed":[0.8324336954116749,-0.5541246635399502,0.0],"hed_noise":[3.6975751551438695,25.68241986074974,0.0]}
{"type":2,"rcvTime":1550.0,"pos":[834.4659248740439,745.5168459431025,0.0],"pos_noise":[3.0971601890193756,3.011002587831646,0.0],"spd":[11.003133908623655,-8.829415272211638,0.0],"spd_noise":[0.01644443852663743,-0.013205689144383692,0.0],"acl":[-0.15285385800439625,0.12434591783528688,0.0],"acl_noise":[0.001280986903445136,0.0019556230538766916,0.0],"hed":[0.7655337401385276,-0.6433957512367621,0.0],"hed_noise":[4.028365197608273,29.271535335919553,0.0]}
{"type":2,"rcvTime":1551.0,"pos":[845.5269157309912,736.6995713110579,0.0],"pos_noise":[3.116901076312024,3.008139966420934,0.0],"spd":[11.04265095861466,-8.873360209572363,0.0],"spd_noise":[0.01650314518893317,-0.013271760116979548,0.0],"acl":[0.4455981552345319,-0.3567559630687062,0.0],"acl_noise":[0.0000587066622957412,0.00006607097259585595,0.0],"hed":[0.7650852160588789,-0.6439290428052913,0.0],"hed_noise":[4.0125776097175669,29.40118404206984,0.0]}
{"type":2,"rcvTime":1552.0,"pos":[856.6442997079074,727.8806471196205,0.0],"pos_noise":[3.1305031481222236,3.0506076718329449,0.0],"spd":[10.958530915662049,-8.804856626928194,0.0],"spd_noise":[0.016376675594636796,-0.013170053799884185,0.0],"acl":[-0.1282496835900985,0.10471930094426177,0.0],"acl_noise":[0.00012646959429637658,0.00010170631709536387,0.0],"hed":[0.7650852160589704,-0.6439290428051825,0.0],"hed_noise":[4.046665472040813,29.201846863084904,0.0]}
{"type":2,"rcvTime":1553.0,"pos":[866.9441735773092,718.429689868502,0.0],"pos_noise":[3.230243557406645,3.2499461436917476,0.0],"spd":[10.145747502926409,-9.815376832418622,0.0],"spd_noise":[0.015161525073805306,-0.014680825478489137,0.0],"acl":[-0.3396126711736237,0.3304779621888297,0.0],"acl_noise":[0.001215150520831489,0.0015107716786049528,0.0],"hed":[0.7011143566029677,-0.7130488475309434,0.0],"hed_noise":[4.389313750562246,32.30704530513562,0.0]}
{"type":2,"rcvTime":1554.0,"pos":[877.073093375562,708.6321611527897,0.0],"pos_noise":[3.0314168834243988,3.2241404864671376,0.0],"spd":[10.171068839519489,-9.847183238487455,0.0],"spd_noise":[0.015198376548972817,-0.014729381322776042,0.0],"acl":[0.4269408338464188,-0.4121348017760086,0.0],"acl_noise":[0.000036851475167510447,0.00004855584428690475,0.0],"hed":[0.7008027260438053,-0.7133551283684524,0.0],"hed_noise":[4.378507666801419,32.41214372134226,0.0]}
{"type":2,"rcvTime":1555.0,"pos":[887.2389090266549,698.8094388897387,0.0],"pos_noise":[3.050447601463814,3.1026361958139447,0.0],"spd":[10.16948488348748,-9.850697536547856,0.0],