{"type":2,"rcvTime":1854.0,"pos":[761.3912390182741,797.370537523422,0.0],"pos_noise":[3.231255274929949,3.1921961241283767,0.0],"spd":[1.5720797757658527,-1.3534964388415416,0.0],"spd_noise":[0.0007278258728799527,-0.0006266357961657387,0.0],"acl":[1.6878840676112262,-1.4532118182018035,0.0],"acl_noise":[0.00026485325836289863,0.0010896084106827927,0.0],"hed":[0.7578219055537037,-0.6524614620519387,0.0],"hed_noise":[3.3645193311576064,4.507951018766206,0.0]}
{"type":2,"rcvTime":1855.0,"pos":[763.832843843429,795.355438755095,0.0],"pos_noise":[3.318864124399512,3.1505778975098654,0.0],"spd":[2.969337094012277,-2.556431502802809,0.0],"spd_noise":[0.001374702642244884,-0.0011835768922388293,0.0],"acl":[1.7964544891670953,-1.5466518162065346,0.0],"acl_noise":[0.0006468767693649314,0.0005569410960730906,0.0],"hed":[0.7578219055537037,-0.6524614620519387,0.0],"hed_noise":[2.925784470933219,5.084209191945792,0.0]}
{"type":2,"rcvTime":1856.0,"pos":[767.5791896872588,792.1218639269725,0.0],"pos_noise":[3.443311408178262,3.0537344394788756,0.0],"spd":[4.354639672805184,-3.7490125204032287,0.0],"spd_noise":[0.0020160294240801244,-0.0017357396189464335,0.0],"acl":[1.395803393520945,-1.201639799005174,0.0],"acl_noise":[0.0006413267818352402,0.0005521627267076042,0.0],"hed":[0.7578219055537037,-0.6524614620519387,0.0],"hed_noise":[2.5473126555323986,5.728216136157222,0.0]}
{"type":2,"rcvTime":1857.0,"pos":[772.9392974140138,788.2023217510275,0.0],"pos_noise":[3.2959267146217554,3.0535780205653757,0.0],"spd":[6.35701922326234,-4.322586384041017,0.0],"spd_noise":[0.00294308039857522,-0.002001284531449006,0.0],"acl":[1.465079393701764,-0.9962341070041532,0.0],"acl_noise":[0.0009270509744950957,0.0002655449125025728,0.0],"hed":[0.8269278267999817,-0.5623080732693241,0.0],"hed_noise":[2.085065160608466,6.066371604331315,0.0]}
{"type":2,"rcvTime":1858.0,"pos":[781.4953618110491,790.4321678917653,0.0],"pos_noise":[3.2946834750322879,3.2497830734045705,0.0],"spd":[8.868259062640452,3.499974598642662,0.0],"spd_noise":[0.004105708532776887,0.0016203398390085486,0.0],"acl":[2.0349234489917564,0.803150871337471,0.0],"acl_noise":[0.0011626281342016674,0.0036216243704575549,0.0],"hed":[0.9301811071243581,0.36710095062380795,0.0],"hed_noise":[1.622028724919302,2.7745986649729619,0.0]}
{"type":2,"rcvTime":1859.0,"pos":[792.8853495227078,792.863751350163,0.0],"pos_noise":[3.21653358809002,3.209280560412986,0.0],"spd":[11.60464192626399,1.0651500609261609,0.0],"spd_noise":[0.005372592209986644,0.0004930961054099663,0.0],"acl":[2.5493390910683257,0.23408813584122724,0.0],"acl_noise":[0.001266883677209757,0.0011272437335985823,0.0],"hed":[0.9958146459484929,0.09139579265194699,0.0],"hed_noise":[1.2337230845033756,3.5395007355927299,0.0]}
{"type":2,"rcvTime":1860.0,"pos":[805.3147494289048,787.121147172079,0.0],"pos_noise":[3.3241682793021067,3.160396857370198,0.0],"spd":[11.401449171249974,-7.554633098845808,0.0],"spd_noise":[0.005278341740718425,-0.003497805228868191,0.0],"acl":[1.5578200358700323,-1.032122638397577,0.0],"acl_noise":[0.00009425046926821948,0.003990901334278157,0.0],"hed":[0.8335842675553397,-0.5523923142877967,0.0],"hed_noise":[1.2590962132056263,8.381294684268369,0.0]}
{"type":2,"rcvTime":1861.0,"pos":[812.0881151674749,773.5440711354269,0.0],"pos_noise":[3.3426526200747266,3.344699841307761,0.0],"spd":[3.433917993490354,-13.772520196588742,0.0],"spd_noise":[0.0015896105688914659,-0.00637649910649554,0.0],"acl":[-0.07316135664832217,0.2950820230750154,0.0],"acl_noise":[0.0036887311718269589,0.0028786938776273489,0.0],"hed":[0.24115529737881248,-0.9704865390854922,0.0],"hed_noise":[2.7930759944149234,15.60805792396563,0.0]}
{"type":2,"rcvTime":1862.0,"pos":[813.7311299585794,760.0452429689005,0.0],"pos_noise":[3.3538887610988334,3.339902994893508,0.0],"spd":[7.636921419422323,-11.944321742536719,0.0],"spd_noise":[0.003535478862926501,-0.005530100479259863,0.0],"acl":[-0.14933445015288775,0.23413965425260709,0.0],"acl_noise":[0.0019458682940350352,0.0008463986272356765,0.0],"hed":[0.5370209338174301,-0.8435689163558928,0.0],"hed_noise":[1.8346334487163838,13.000255645163325,0.0]}
{"type":2,"rcvTime":1863.0,"pos":[825.798135228891,752.4674490517679,0.0],"pos_noise":[3.3151597950446187,3.3469378779541807,0.0],"spd":[11.802577106395987,-8.022783452790586,0.0],"spd_noise":[0.005464052133648884,-0.0037145468781810077,0.0],"acl":[0.5695139033436931,-0.3868631049766286,0.0],"acl_noise":[0.0019285732707223832,0.0018155536010788557,0.0],"hed":[0.8254968313848969,-0.5644067517079284,0.0],"hed_noise":[1.209590126566772,8.782996353588605,0.0]}
{"type":2,"rcvTime":1864.0,"pos":[836.9320898281427,743.7185292744471,0.0],"pos_noise":[3.322967983154568,3.3179886752361029,0.0],"spd":[11.083892999726692,-8.912773430361329,0.0],"spd_noise":[0.005131321621097747,-0.004126587317665509,0.0],"acl":[0.1273829336687799,-0.10209168949639726,0.0],"acl_noise":[0.0003327305125511368,0.0004120404394845011,0.0],"hed":[0.7775990511954968,-0.6287604596186558,0.0],"hed_noise":[1.2997212992564898,9.600512661669575,0.0]}
{"type":2,"rcvTime":1865.0,"pos":[847.8804123641903,734.8192577084763,0.0],"pos_noise":[3.382380376211293,3.266427705652949,0.0],"spd":[11.140180752737285,-8.958256300881832,0.0],"spd_noise":[0.005157436863992362,-0.0041475890864281169,0.0],"acl":[0.44896104481060997,-0.3607049717430493,0.0],"acl_noise":[0.00002611524289461431,0.000021001768762607919,0.0],"hed":[0.7774078187964674,-0.628996886537699,0.0],"hed_noise":[1.2924105026772393,9.64416227583599,0.0]}
{"type":2,"rcvTime":1866.0,"pos":[859.1235453585633,725.927111375501,0.0],"pos_noise":[3.4262539100275917,3.2465237865732714,0.0],"spd":[11.103969540719536,-8.928910012098003,0.0],"spd_noise":[0.005140614228957118,-0.00413406039391605,0.0],"acl":[0.2868815361695669,-0.2303626124663423,0.0],"acl_noise":[0.00001682263503524368,0.000013528692512066419,0.0],"hed":[0.7770630692474667,-0.62942274062168,0.0],"hed_noise":[1.2971151651051316,9.616021850766217,0.0]}
{"type":2,"rcvTime":1867.0,"pos":[869.3163751548021,716.1553375692921,0.0],"pos_noise":[3.0879621047272156,3.2342043770454258,0.0],"spd":[10.186106127707689,-9.861965896366483,0.0],"spd_noise":[0.004715608885773525,-0.004566099435238301,0.0],"acl":[-0.6226862258297163,0.6032907550474131,0.0],"acl_noise":[0.00042500534318359266,0.0004320390413222507,0.0],"hed":[0.7153061738192603,-0.6988111888743984,0.0],"hed_noise":[1.4218259632799278,10.556577629200647,0.0]}
{"type":2,"rcvTime":1868.0,"pos":[879.6712483626194,706.2660615260552,0.0],"pos_noise":[3.1360173274850284,3.230995632534167,0.0],"spd":[10.207236980650933,-9.891079383201993,0.0],"spd_noise":[0.004725393715531935,-0.0045795763588319438,0.0],"acl":[0.22915122634508967,-0.2217336494120349,0.0],"acl_noise":[0.00000978482975841008,0.00001347692359364265,0.0],"hed":[0.7150007629892009,-0.6991236721245109,0.0],"hed_noise":[1.41882413699296,10.587352119477139,0.0]}
{"type":2,"rcvTime":1869.0,"pos":[889.6904718138715,696.3544172102443,0.0],"pos_noise":[3.183074514449334,3.3345943226802929,0.0],"spd":[10.237501847803527,-9.926230702358888,0.0],"spd_noise":[0.004739358824853319,-0.004595897152317999,0.0],"acl":[0.563806121201042,-0.5463942429643431,0.0],"acl_noise":[0.000013965109321383875,0.00001632079348605573,0.0],"hed":[0.7147888187048445,-0.6993403639534422,0.0],"hed_noise":[1.4145508430547765,10.624740705435113,0.0]}
{"type":2,"rcvTime":1870.0,"pos":[899.982074223013,686.3845674715193,0.0],"pos_noise":[3.263216422133816,3.160919903268196,0.0],"spd":[10.132265030477513,-10.006148039941671,0.0],"spd_noise":[0.004690602547114429,-0.004632931204321954,0.0],"acl":[-0.3875321529907204,0.3831149292147046,0.0],"acl_noise":[0.00004875627773889054,0.00003703405200395499,0.0],"hed":[0.708338118986183,-0.7058732954228513,0.0],"hed_noise":[1.4295263873370397,10.710070839704417,0.0]}
{"type":2,"rcvTime":1871.0,"pos":[909.9247311677195,676.3576065727361,0.0],"pos_noise":[3.444208151087377,3.2295293241437319,0.0],