{"type":2,"rcvTime":2582.0,"pos":[246.17243958803256,275.77365198685239,0.0],"pos_noise":[5.212668426060313,5.236552759663849,0.0],"spd":[0.3134813426911454,-2.084709052754031,0.0],"spd_noise":[-0.00020459757251772262,0.0013606117925155978,0.0],"acl":[0.28451323484767368,-1.8919141949883749,0.0],"acl_noise":[0.000448065105143769,0.0020132744701770895,0.0],"hed":[0.140193317218424,-0.9901241507039884,0.0],"hed_noise":[9.570074992514126,12.163748346131378,0.0]}
{"type":2,"rcvTime":2583.0,"pos":[246.6602273090361,272.65643409370906,0.0],"pos_noise":[5.096620907798081,4.8560520375073958,0.0],"spd":[0.6019385715965551,-4.003003109009631,0.0],"spd_noise":[-0.0003928628399259411,0.0026126107278135019,0.0],"acl":[0.3988472989902948,-2.6522506119808146,0.0],"acl_noise":[0.00018826526740821847,0.001251998935297904,0.0],"hed":[0.140193317218424,-0.9901241507039884,0.0],"hed_noise":[9.297962766081053,14.735941163685237,0.0]}
{"type":2,"rcvTime":2584.0,"pos":[247.31444799628324,267.4882673751306,0.0],"pos_noise":[4.6681647318483059,5.108705616941481,0.0],"spd":[0.9338326258520403,-6.210160107642683,0.0],"spd_noise":[-0.0006094777020762545,0.004053139724560651,0.0],"acl":[0.34226633499232947,-2.275938860981485,0.0],"acl_noise":[0.00021661486215031344,0.0014405289967471492,0.0],"hed":[0.140193317218424,-0.9901241507039884,0.0],"hed_noise":[8.99443374591009,18.37525985331502,0.0]}
{"type":2,"rcvTime":2585.0,"pos":[248.73788078385238,260.17826473085565,0.0],"pos_noise":[4.848444031303292,4.970711013293348,0.0],"spd":[1.2385947489042522,-8.236849721319475,0.0],"spd_noise":[-0.000808381578383698,0.005375887381585294,0.0],"acl":[0.2719371932668443,-1.8082828714921997,0.0],"acl_noise":[0.00019890387630744344,0.001322747657024643,0.0],"hed":[0.1372823718799087,-0.9905319532307004,0.0],"hed_noise":[8.724456367355267,22.503584456577298,0.0]}
{"type":2,"rcvTime":2586.0,"pos":[250.01681008340698,250.78311769757964,0.0],"pos_noise":[5.087474165192042,5.0087032300779639,0.0],"spd":[1.5436912055935142,-10.265802132986341,0.0],"spd_noise":[-0.0010075070245993276,0.006700108519583749,0.0],"acl":[0.2662604714552538,-1.7705993683072983,0.0],"acl_noise":[0.00019912544621562952,0.001324221137998455,0.0],"hed":[0.137282371879879,-0.9905319532307045,0.0],"hed_noise":[8.462295355416897,27.56563227231133,0.0]}
{"type":2,"rcvTime":2587.0,"pos":[252.03295154020439,239.58489151463656,0.0],"pos_noise":[5.1178984982624959,4.906690413363081,0.0],"spd":[1.7357584932088724,-11.54308520760749,0.0],"spd_noise":[-0.0011328621748255472,0.007533743511197691,0.0],"acl":[0.10498833508234458,-0.6981074342773028,0.0],"acl_noise":[0.00012535515022621966,0.0008336349916139418,0.0],"hed":[0.1372823718799087,-0.9905319532307004,0.0],"hed_noise":[8.30131326233044,31.321291213114909,0.0]}
{"type":2,"rcvTime":2588.0,"pos":[253.77257042302694,228.11331238795828,0.0],"pos_noise":[4.909918344696866,4.887827179137572,0.0],"spd":[1.6947754899659458,-11.438071011886296,0.0],"spd_noise":[-0.0011060920330389004,0.007465226730177337,0.0],"acl":[0.028084502711946417,-0.1894515288136396,0.0],"acl_noise":[0.00002677014178664684,0.00006851678102035366,0.0],"hed":[0.13514471449016084,-0.9908258707489288,0.0],"hed_noise":[8.335432527496695,30.994199000636728,0.0]}
{"type":2,"rcvTime":2589.0,"pos":[255.32960161469613,216.60425331671758,0.0],"pos_noise":[5.304098844757182,5.059474506684985,0.0],"spd":[1.6886271855906637,-11.457068615541303,0.0],"spd_noise":[-0.0011020792642422509,0.007477625757047966,0.0],"acl":[-0.13492034879044957,0.9155313244810213,0.0],"acl_noise":[0.000004012768796649458,0.00001239902687062873,0.0],"hed":[0.12954778399689577,-0.9915731801846466,0.0],"hed_noise":[8.34055898091287,31.05313651731179,0.0]}
{"type":2,"rcvTime":2590.0,"pos":[257.2054946234633,205.11013663007328,0.0],"pos_noise":[5.007703974868004,4.916001351487496,0.0],"spd":[1.6616494631164556,-11.469207099667037,0.0],"spd_noise":[-0.0010844891100389146,0.00748553089421633,0.0],"acl":[-0.12320628888832337,0.8505139661111892,0.0],"acl_noise":[0.00001759015420333635,0.000007905137168364232,0.0],"hed":[0.12124957442434926,-0.9926220533022194,0.0],"hed_noise":[8.363068250322338,31.090771276586794,0.0]}
{"type":2,"rcvTime":2591.0,"pos":[258.9645698026908,193.61245276184259,0.0],"pos_noise":[4.861972795816897,4.831092772178799,0.0],"spd":[1.6629200327938139,-11.477700807881093,0.0],"spd_noise":[-0.00108529555042668,0.007491097233582606,0.0],"acl":[0.06999182001755551,-0.48300865495927916,0.0],"acl_noise":[8.064403877654312e-7,0.000005566339366275784,0.0],"hed":[0.12124957442454786,-0.9926220533021952,0.0],"hed_noise":[8.362034960143279,31.117298855115228,0.0]}
{"type":2,"rcvTime":2592.0,"pos":[260.52758184631349,182.13397131556247,0.0],"pos_noise":[4.902450128315976,4.755896618896373,0.0],"spd":[1.881880726291406,-11.455360433494285,0.0],"spd_noise":[-0.0012282135056259014,0.007476506022336887,0.0],"acl":[-0.07286599874545342,0.44364368253563626,0.0],"acl_noise":[0.00014291795519922137,0.000014591211245719264,0.0],"hed":[0.13977647156980839,-0.9901830830687296,0.0],"hed_noise":[8.180916110321747,31.047809371535569,0.0]}
{"type":2,"rcvTime":2593.0,"pos":[262.3425110948736,170.6730115784086,0.0],"pos_noise":[5.242596206751416,5.072458331217654,0.0],"spd":[1.8766513471775779,-11.423180153904813,0.0],"spd_noise":[-0.0012247684867113696,0.007455535153231719,0.0],"acl":[-0.1173883734075512,0.7146639306041779,0.0],"acl_noise":[0.000003445018914531757,0.000020970869105167539,0.0],"hed":[0.13977647156977583,-0.9901830830687342,0.0],"hed_noise":[8.185235470258654,30.948208972150135,0.0]}
{"type":2,"rcvTime":2594.0,"pos":[264.559897325401,159.2168587516974,0.0],"pos_noise":[4.944696514371227,4.956474071431652,0.0],"spd":[2.0777943318561018,-11.48202958236137,0.0],"spd_noise":[-0.0013560470056844794,0.007493943978787024,0.0],"acl":[0.12807448825878529,-0.7076646623191981,0.0],"acl_noise":[0.0001312785189731098,0.000038408825555304868,0.0],"hed":[0.1516818835667778,-0.9884293632817848,0.0],"hed_noise":[8.022239966510183,31.130874373670108,0.0]}
{"type":2,"rcvTime":2595.0,"pos":[266.7940888601444,147.77998583444134,0.0],"pos_noise":[4.775780611936626,5.008021294046592,0.0],"spd":[1.9853645285509585,-11.421687843408144,0.0],"spd_noise":[-0.0012957215227636197,0.007454561177867061,0.0],"acl":[-0.06315680086147539,0.36346712198533739,0.0],"acl_noise":[0.00006032548292085973,0.000039382800919963298,0.0],"hed":[0.14483964032537575,-0.9894551422830727,0.0],"hed_noise":[8.096733111720239,30.94359088302962,0.0]}
{"type":2,"rcvTime":2596.0,"pos":[268.5921146803757,136.3340596451607,0.0],"pos_noise":[4.773171466290826,5.12116163893458,0.0],"spd":[1.875069960105965,-11.439295509629778,0.0],"spd_noise":[-0.0012237363743907917,0.007466053044450642,0.0],"acl":[-0.07469888212411272,0.455846654154021,0.0],"acl_noise":[0.00007198514837282802,0.000011491866583581562,0.0],"hed":[0.13530024575168696,-0.9908046444680875,0.0],"hed_noise":[8.1865299751667,30.998123320385198,0.0]}
{"type":2,"rcvTime":2597.0,"pos":[270.0272088145669,124.88591468119094,0.0],"pos_noise":[4.894215704121828,5.354317857905267,0.0],"spd":[1.8355391845015943,-11.453758954754079,0.0],"spd_noise":[-0.0011979361125348074,0.007475492795273679,0.0],"acl":[-0.11480099058253042,0.7164996002058186,0.0],"acl_noise":[0.000025800261855984248,0.000009439750823036532,0.0],"hed":[0.13176752816795007,-0.9912806456904667,0.0],"hed_noise":[8.218956012202753,31.0429897242624,0.0]}
{"type":2,"rcvTime":2598.0,"pos":[271.9811989394812,113.40101909268674,0.0],"pos_noise":[4.898085058869413,5.20268538801784,0.0],"spd":[1.8890497551378114,-11.518993263344188,0.0],"spd_noise":[-0.0012328832797223135,0.0075180459789206169,0.0],"acl":[0.11334837033466219,-0.6910837713126939,0.0],"acl_noise":[0.00003494716718750604,0.000042553183646937799,0.0],"hed":[0.13309961811012178,-0.9911026645403289,0.0],"hed_noise":[8.175064792688758,31.246049253782297,0.0]}
{"type":2,"rcvTime":2599.0,"pos":[273.61003739629,101.9617919738904,0.0],