{"type":2,"rcvTime":1398.0,"pos":[106.41449031808775,890.9766605160451,0.0],"pos_noise":[3.143653762924562,3.1751784449010205,0.0],"spd":[1.8514690675070543,0.1582982773558,0.0],"spd_noise":[-0.0015137639339081256,-0.00012942491304142857,0.0],"acl":[2.3671349715770026,0.20241795761423038,0.0],"acl_noise":[0.0006961624084630573,0.0006881766124036397,0.0],"hed":[0.9967413577450819,0.08066390618170394,0.0],"hed_noise":[7.143996724112987,8.462033101213097,0.0]}
{"type":2,"rcvTime":1399.0,"pos":[109.65204325685626,891.2483471104539,0.0],"pos_noise":[3.2980598207747668,3.116016968440534,0.0],"spd":[4.101033819461771,0.3507649353020691,0.0],"spd_noise":[-0.003352893761410244,-0.00028666820089209746,0.0],"acl":[2.219230683540663,0.189880143067081,0.0],"acl_noise":[0.0018391298275021184,0.0001572432878506689,0.0],"hed":[0.9967413577450642,0.08066390618192172,0.0],"hed_noise":[5.704927705660057,8.300844026299306,0.0]}
{"type":2,"rcvTime":1400.0,"pos":[115.15916048698566,891.6768226866113,0.0],"pos_noise":[3.1578478196434016,3.1837501984252287,0.0],"spd":[6.354051286363351,0.5082820379889207,0.0],"spd_noise":[-0.005194964279203359,-0.0004154544243325549,0.0],"acl":[1.6528424248313956,0.13233273706154126,0.0],"acl_noise":[0.0018420705177931152,0.00012878622344045742,0.0],"hed":[0.9971690765059312,0.0751919733768726,0.0],"hed_noise":[4.5541029069916389,8.171115938134902,0.0]}
{"type":2,"rcvTime":1401.0,"pos":[122.75806292673797,892.1071071612201,0.0],"pos_noise":[3.3579809592500999,3.141730790167466,0.0],"spd":[8.565962650130972,0.48961936373384348,0.0],"spd_noise":[-0.007003426384369048,-0.00040019579339271925,0.0],"acl":[2.752687114043942,0.15737593263372316,0.0],"acl_noise":[0.001808462105165689,0.000015258630939835624,0.0],"hed":[0.9986200337761291,0.05251693194544732,0.0],"hed_noise":[3.650402472906335,8.186379664307525,0.0]}
{"type":2,"rcvTime":1402.0,"pos":[132.5773623766684,892.7139693152742,0.0],"pos_noise":[3.2861069146833876,3.223165045295833,0.0],"spd":[10.628016664491718,0.7286589845137157,0.0],"spd_noise":[-0.008689364892060519,-0.0005956349519841535,0.0],"acl":[2.4261588275406624,0.16642112847644029,0.0],"acl_noise":[0.001685938507691471,0.0001954391585914342,0.0],"hed":[0.9979932826365273,0.06331988481013243,0.0],"hed_noise":[2.9702081265210569,7.9930130764229398,0.0]}
{"type":2,"rcvTime":1403.0,"pos":[137.22524813134513,901.819453854948,0.0],"pos_noise":[3.3479848426363976,3.3434381824915819,0.0],"spd":[-0.4484832558496371,12.978885679122718,0.0],"spd_noise":[0.0003667961078134635,-0.010611441216133656,0.0],"acl":[-0.07017056918294956,2.04008390714347,0.0],"acl_noise":[0.009056160999873983,0.010015806264149502,0.0],"hed":[-0.029469826403424525,0.9995656703447513,0.0],"hed_noise":[8.991518514387334,2.3479552716289096,0.0]}
{"type":2,"rcvTime":1404.0,"pos":[136.11801899050583,914.7507364311341,0.0],"pos_noise":[3.207994680629431,3.2320900855264789,0.0],"spd":[-0.9629919529849504,12.997652979366828,0.0],"spd_noise":[0.0007874593656847478,-0.010626785227203029,0.0],"acl":[-0.06417092849303584,0.8707819103399553,0.0],"acl_noise":[0.00042066325787128427,0.000015344011069373318,0.0],"hed":[-0.068833467741019,0.9976281640565016,0.0],"hed_noise":[9.466248048350359,2.3435529722778236,0.0]}
{"type":2,"rcvTime":1405.0,"pos":[135.1782009772399,927.7015145757902,0.0],"pos_noise":[3.3926952629598308,3.2399201249557136,0.0],"spd":[-0.9636795203171493,13.006751615488618,0.0],"spd_noise":[0.0007880113629315662,-0.010634234444828507,0.0],"acl":[-0.027258639721566496,0.3726491676039478,0.0],"acl_noise":[5.519972468184375e-7,0.000007449217625478052,0.0],"hed":[-0.0658051461411831,0.9978324923259102,0.0],"hed_noise":[9.466887176225514,2.3414187192096267,0.0]}
{"type":2,"rcvTime":1406.0,"pos":[134.14596830919906,940.6446216639539,0.0],"pos_noise":[3.2685956437219838,3.3066999677247708,0.0],"spd":[-0.9567596814208987,12.912859723149266,0.0],"spd_noise":[0.0007823250108814242,-0.01055749697163766,0.0],"acl":[0.027644312729230626,-0.3682714440678853,0.0],"acl_noise":[0.000005686352050142049,0.00007673747319084621,0.0],"hed":[-0.0658051461411831,0.9978324923259102,0.0],"hed_noise":[9.460305322340718,2.3634979813914276,0.0]}
{"type":2,"rcvTime":1407.0,"pos":[133.10402753205126,953.5718146979057,0.0],"pos_noise":[3.0153341714932839,3.2620228539352729,0.0],"spd":[-0.9555339738941037,12.896052733517382,0.0],"spd_noise":[0.0007813078647297185,-0.010543770557084543,0.0],"acl":[-0.008014623923108554,0.11294651764955571,0.0],"acl_noise":[0.0000010171461517057218,0.000013726414553117891,0.0],"hed":[-0.06580514614116803,0.9978324923259111,0.0],"hed_noise":[9.459128475878439,2.367469304886714,0.0]}
{"type":2,"rcvTime":1408.0,"pos":[132.03176499282206,966.5020158964715,0.0],"pos_noise":[2.9659671724252925,3.3374921705525608,0.0],"spd":[-0.9637665220712809,13.006865202612472,0.0],"spd_noise":[0.0007880226772790953,-0.010634387132253606,0.0],"acl":[-0.04587422735225723,0.6238571796185369,0.0],"acl_noise":[0.000006714812549376854,0.00009061657516906338,0.0],"hed":[-0.0656722487456121,0.997841247766745,0.0],"hed_noise":[9.466900276950295,2.341374993525904,0.0]}
{"type":2,"rcvTime":1409.0,"pos":[131.16517618231934,979.4467014006298,0.0],"pos_noise":[3.1586598148412867,3.170256212424387,0.0],"spd":[-0.9652324668252225,13.026728260044749,0.0],"spd_noise":[0.0007892257536852094,-0.010650622680571166,0.0],"acl":[-0.07388750907032392,1.0018962363234652,0.0],"acl_noise":[0.0000012030764061140426,0.00001623554831755962,0.0],"hed":[-0.056959788138436818,0.9983764733482177,0.0],"hed_noise":[9.46829340575539,2.336730213898649,0.0]}
{"type":2,"rcvTime":1410.0,"pos":[130.40218807825588,992.394746550872,0.0],"pos_noise":[3.20438798134828,3.1631835594291646,0.0],"spd":[-0.9616500692770773,12.977916599053286,0.0],"spd_noise":[0.0007862704323299963,-0.010610740539740137,0.0],"acl":[-0.030359593660589127,0.41448492439621095,0.0],"acl_noise":[0.000002955321355213071,0.000039882140831028898,0.0],"hed":[-0.056959788138451,0.9983764733482169,0.0],"hed_noise":[9.464871593020698,2.3481564976879167,0.0]}
{"type":2,"rcvTime":1411.0,"pos":[129.4383899288172,1005.3457726092654,0.0],"pos_noise":[3.0217332715042857,3.287992083339661,0.0],"spd":[-0.9578920950937138,12.9278358212301,0.0],"spd_noise":[0.0007832336220886433,-0.010569758704212878,0.0],"acl":[0.041241507613185377,-0.551775405742425,0.0],"acl_noise":[0.00000303681024135295,0.00004098183552725919,0.0],"hed":[-0.052136706875638257,0.9986399570396549,0.0],"hed_noise":[9.461356716793592,2.3599560531082508,0.0]}
{"type":2,"rcvTime":1412.0,"pos":[128.59191805635607,1018.3040504955776,0.0],"pos_noise":[3.2043067912327447,3.297722695302167,0.0],"spd":[-0.9551990064635098,12.891329833981774,0.0],"spd_noise":[0.0007810225724166205,-0.010539920529650575,0.0],"acl":[0.07143277732093076,-0.959208629225923,0.0],"acl_noise":[0.000002211049672022798,0.000029838174562302895,0.0],"hed":[-0.05213670687584137,0.9986399570396443,0.0],"hed_noise":[9.45879841661646,2.3685843918671596,0.0]}
{"type":2,"rcvTime":1413.0,"pos":[127.59534521688923,1031.2454968920018,0.0],"pos_noise":[3.194271952884493,3.1841896621601268,0.0],"spd":[-0.9553805625736072,12.89340550902431,0.0],"spd_noise":[0.0007811498930234003,-0.010541638724677472,0.0],"acl":[0.06534710636329284,-0.8770823685314924,0.0],"acl_noise":[1.273206067797794e-7,0.000001718195026896921,0.0],"hed":[-0.04835022862788112,0.9988304437649224,0.0],"hed_noise":[9.458945714449613,2.368086684585288,0.0]}
{"type":2,"rcvTime":1414.0,"pos":[126.7608940655339,1044.185977171808,0.0],"pos_noise":[3.068325353656546,3.251185718531192,0.0],"spd":[-0.9559656986816061,12.901494517293888,0.0],"spd_noise":[0.0007816391638461046,-0.010548241447529805,0.0],"acl":[0.0762589128505555,-1.024337627171114,0.0],"acl_noise":[4.892708227043248e-7,0.0000066027228523331958,0.0],"hed":[-0.048350228627896198,0.9988304437649216,0.0],"hed_noise":[9.459511775603465,2.3661750555393068,0.0]}
{"type":2,"rcvTime":1415.0,"pos":[125.72277340027343,1057.1402614663235,0.0],