{"type":2,"rcvTime":2648.0,"pos":[129.44524849414916,892.5124376687993,0.0],"pos_noise":[4.733747091574731,4.835272012154298,0.0],"spd":[1.4384951257758417,0.0822538561582581,0.0],"spd_noise":[0.0009808447826006658,0.00005604827329139024,0.0],"acl":[2.5567663279621808,0.1461254613993181,0.0],"acl_noise":[0.0002989627826744738,0.0006258337266348017,0.0],"hed":[0.9983713344239811,0.05704979053843569,0.0],"hed_noise":[9.945775820870133,11.390413121814876,0.0]}
{"type":2,"rcvTime":2649.0,"pos":[130.93951221125625,892.5922927391883,0.0],"pos_noise":[5.0155045675592639,4.927433852438965,0.0],"spd":[0.016622618317732715,0.0010038882269273338,0.0],"spd_noise":[0.000011295593390056823,6.454624794310568e-7,0.0],"acl":[-3.675261557687973,-0.2099888027138034,0.0],"acl_noise":[0.0009695491892106089,0.00005540281081195918,0.0],"hed":[0.9988358368299041,0.04823868845963027,0.0],"hed_noise":[11.465415535157634,11.483337050141943,0.0]}
{"type":2,"rcvTime":2650.0,"pos":[130.9848551216928,892.5933096776026,0.0],"pos_noise":[4.828580928480985,4.744418927773221,0.0],"spd":[0.00005729852445546503,0.00005729852445546503,0.0],"spd_noise":[0.0,0.0,0.0],"acl":[0.000027451034854814008,0.000027451034854814008,0.0],"acl_noise":[0.000011295593390056823,6.454624794310568e-7,0.0],"hed":[0.9988358368298959,0.0482386884598006,0.0],"hed_noise":[11.484424102450925,11.484424102450925,0.0]}
{"type":2,"rcvTime":2651.0,"pos":[130.81553294342897,892.5932447326853,0.0],"pos_noise":[4.609861189275628,5.021214105257929,0.0],"spd":[0.00005729852445546503,0.00005729852445546503,0.0],"spd_noise":[0.0,0.0,0.0],"acl":[0.000027451034854814008,0.000027451034854814008,0.0],"acl_noise":[0.0,0.0,0.0],"hed":[0.9990064695909418,0.044565386966151348,0.0],"hed_noise":[11.484424102450925,11.484424102450925,0.0]}
{"type":2,"rcvTime":2652.0,"pos":[130.8688876795254,892.5930604401061,0.0],"pos_noise":[4.509552941336286,5.026214264687533,0.0],"spd":[0.00005729852445546503,0.00005729852445546503,0.0],"spd_noise":[0.0,0.0,0.0],"acl":[0.000027451034854814008,0.000027451034854814008,0.0],"acl_noise":[0.0,0.0,0.0],"hed":[0.999429956132595,0.03376037299555865,0.0],"hed_noise":[11.484424102450925,11.484424102450925,0.0]}
{"type":2,"rcvTime":2653.0,"pos":[130.88008138630057,892.5943388280036,0.0],"pos_noise":[4.627099051647099,4.762484738893599,0.0],"spd":[0.00005729852445546503,0.00005729852445546503,0.0],"spd_noise":[0.0,0.0,0.0],"acl":[0.000027451034854814008,0.000027451034854814008,0.0],"acl_noise":[0.0,0.0,0.0],"hed":[0.9996337916133041,0.02706072180872634,0.0],"hed_noise":[11.484424102450925,11.484424102450925,0.0]}
{"type":2,"rcvTime":2654.0,"pos":[131.11968016397379,892.5984809750929,0.0],"pos_noise":[4.614983705797778,4.865395136245606,0.0],"spd":[0.00005729852445546503,0.00005729852445546503,0.0],"spd_noise":[0.0,0.0,0.0],"acl":[0.000027451034854814008,0.000027451034854814008,0.0],"acl_noise":[0.0,0.0,0.0],"hed":[0.9999049866256402,0.013784691551799079,0.0],"hed_noise":[11.484424102450925,11.484424102450925,0.0]}
{"type":2,"rcvTime":2655.0,"pos":[131.4519791158158,892.6108691540233,0.0],"pos_noise":[4.731846629307392,4.771969772243453,0.0],"spd":[0.00005729852445546503,0.00005729852445546503,0.0],"spd_noise":[0.0,0.0,0.0],"acl":[0.000027451034854814008,0.000027451034854814008,0.0],"acl_noise":[0.0,0.0,0.0],"hed":[0.9999351557900899,0.011387897744922915,0.0],"hed_noise":[11.484424102450925,11.484424102450925,0.0]}
{"type":2,"rcvTime":2656.0,"pos":[132.52792307455477,892.7163486213557,0.0],"pos_noise":[4.69392878838772,4.910042498402179,0.0],"spd":[2.2518345015044178,0.1466086673565801,0.0],"spd_noise":[0.0015353925476081035,0.00009987694552309033,0.0],"acl":[1.9388238714665014,0.1261323949108942,0.0],"acl_noise":[0.0015353925476081035,0.00009987694552309033,0.0],"hed":[0.9998583161703307,0.016832931563784148,0.0],"hed_noise":[9.168941605145804,11.317434849954056,0.0]}
{"type":2,"rcvTime":2657.0,"pos":[135.7095475878799,893.7708895842409,0.0],"pos_noise":[4.715523487212024,4.863328630834558,0.0],"spd":[3.9792762686477016,0.9948244676799772,0.0],"spd_noise":[0.0027132462854672857,0.0006782023227400884,0.0],"acl":[1.633940649226384,0.4084791790820843,0.0],"acl_noise":[0.0011778537378591822,0.0005783253772169981,0.0],"hed":[0.9817386334908589,0.19023473792002638,0.0],"hed_noise":[7.714380209490132,10.397145807648224,0.0]}
{"type":2,"rcvTime":2658.0,"pos":[137.56172597081514,898.23153074425,0.0],"pos_noise":[4.710404472557755,4.788454063143296,0.0],"spd":[2.2174946199052467,5.537356406944121,0.0],"spd_noise":[0.001511891782260318,0.003775645777084927,0.0],"acl":[0.5402661366462052,1.349149689120925,0.0],"acl_noise":[0.0012013545032069677,0.0030974434543448389,0.0],"hed":[0.4236376013875648,0.9058317629066618,0.0],"hed_noise":[9.200596479215184,6.601402575845354,0.0]}
{"type":2,"rcvTime":2659.0,"pos":[136.88199942067909,905.2191597897108,0.0],"pos_noise":[4.964131562262435,4.758948036207098,0.0],"spd":[-0.5835398817506418,7.878646136127769,0.0],"spd_noise":[-0.00039808221217047196,0.005372130113447917,0.0],"acl":[-0.181628590381223,2.4527516427799815,0.0],"acl_noise":[0.00190997399443079,0.00159648433636299,0.0],"hed":[-0.017387266727874666,0.9998488300516902,0.0],"hed_noise":[12.174841107868805,5.2234234298588719,0.0]}
{"type":2,"rcvTime":2660.0,"pos":[136.1951982435463,914.1415724112865,0.0],"pos_noise":[4.843069289706992,4.6443404727833859,0.0],"spd":[-0.7288080341211393,9.839043742467878,0.0],"spd_noise":[-0.0004971379504344496,0.00670888995390963,0.0],"acl":[-0.17657403898490713,2.3845015765525749,0.0],"acl_noise":[0.00009905573826397764,0.0013367598404617132,0.0],"hed":[-0.017387266728042504,0.9998488300516873,0.0],"hed_noise":[12.352993636693047,4.293547248694029,0.0]}
{"type":2,"rcvTime":2661.0,"pos":[135.4587596859021,924.9451465796411,0.0],"pos_noise":[4.738492281886796,4.635078491947564,0.0],"spd":[-0.8626892017748478,11.645773685140116,0.0],"spd_noise":[-0.0005884291087866142,0.007940866580545509,0.0],"acl":[-0.16742010669227778,2.2609229154120236,0.0],"acl_noise":[0.00009129115835216457,0.0012319766266358787,0.0],"hed":[-0.017387266728056715,0.9998488300516871,0.0],"hed_noise":[12.519489000688508,3.5838593895120729,0.0]}
{"type":2,"rcvTime":2662.0,"pos":[134.58369184938489,937.6824870564783,0.0],"pos_noise":[4.756285888362746,4.646983779927083,0.0],"spd":[-1.010494450884267,13.640409479932597,0.0],"spd_noise":[-0.0006892148476489341,0.009300972825422976,0.0],"acl":[-0.1577637832990921,2.130607096782048,0.0],"acl_noise":[0.0001007857388623199,0.001360106244877467,0.0],"hed":[-0.017387266728042504,0.9998488300516873,0.0],"hed_noise":[12.705907910601625,2.9357902927515986,0.0]}
{"type":2,"rcvTime":2663.0,"pos":[133.3603480434103,951.5676727943469,0.0],"pos_noise":[4.842501558445162,4.625714819696122,0.0],"spd":[-1.031653000826739,13.925944678006016,0.0],"spd_noise":[-0.0007036424819992451,0.0094956741373346,0.0],"acl":[-0.03487820050523069,0.4722571969650174,0.0],"acl_noise":[0.000014427634350311011,0.00019470131191162351,0.0],"hed":[-0.012005214675085315,0.999927934813607,0.0],"hed_noise":[12.732820230553822,2.8531486166066486,0.0]}
{"type":2,"rcvTime":2664.0,"pos":[132.2991360338214,965.4485886549559,0.0],"pos_noise":[4.880016080552048,4.684194377754604,0.0],"spd":[-1.028112588840175,13.878166723439082,0.0],"spd_noise":[-0.0007012283387932842,0.009463095210122117,0.0],"acl":[0.016154754914354316,-0.21643703817848887,0.0],"acl_noise":[0.000002414143205960932,0.00003257892721248226,0.0],"hed":[0.0010260399157178192,0.9999994736209071,0.0],"hed_noise":[12.728313085521713,2.866812993910817,0.0]}
{"type":2,"rcvTime":2665.0,"pos":[131.297689916918,979.3211294294306,0.0],"pos_noise":[4.786273971606429,4.634246247181135,0.0],"spd":[-1.027468978918956,13.869350947223044,0.0],"spd_noise":[-0.0007007833458149512,0.009457090017963103,0.0],"acl":[-0.023869366481592659,0.32368955118637035,0.0],"acl_noise":[4.449929783329658e-7,0.000006005192159014294,0.0],"hed":[0.002451553323294509,0.9999969949386364,0.0],